,module 2,module 11,module 16
0,Setd6,Gm9705,Eif2b2
1,Bcl7a,Igkv1-117,Tor3a
2,Itgb7,Zfp703,Gm216
3,Mettl22,Sytl1,Il10
4,Hdgf,2700073G19Rik,Fcgr4
5,Chi3l3,Tmprss13,Efhc1
6,Apol7c,Asph,Adamts4
7,Csn3,Gm14257,Shisa4
8,Timp1,Ighv1-19,D430040D24Rik
9,Mup14,SNORA18,SNORD51
10,Wls,Gtpbp1,Dock10
11,Mir99a,Ighv13-2,Pyhin1
12,Icmt,Rnf208,Phlda3
13,Gm10653,Opn1sw,Pask
14,Gm20419,Gm15556,Gm14399
15,Il23r,Ighj3,Ptpn18
16,Gm962,Gm14012,Gm16026
17,Ppm1h,Fcnb,Cd84
18,Cep63,Aga,A630001G21Rik
19,Gm3252,Cpe,Haus2
20,Htt,Actr1a,Gm7592
21,Gm9222,Dennd2c,St8sia4
22,Mir1945,Btn2a2,Arhgef4
23,Mipol1,Fam193a,Gm15789
24,Mcm10,March4,Fcer1g
25,Tbc1d14,Gm4795,Gm17407
26,Ms4a6d,Gm15816,Zan
27,Wdr47,Igkv3-4,Fbxo15
28,Clec4d,2410127L17Rik,Ikzf2
29,1700020I14Rik,D6Ertd474e,Pde6c
30,Cdca2,Trav15-2-dv6-2,Bend6
31,Copg2,Gm12709,Mgat4a
32,Ly6c2,Btn3a3,Il1r2
33,Dnase1,Slit2,Fhl2
34,Gm5454,RP24-484G16.9.1,Kif14
35,Nom1,Igkv1-88,Gm11052
36,Gm15337,Trav14-2,Zfp647
37,Srek1ip1,4632428C04Rik,Gm7855
38,A730049H05Rik,4930430F08Rik,AI607873
39,Psmd10,Nat1,Ifi204
40,Dcst1,Pappa2,Aff3
41,Cdc123,Gapt,Wdr35
42,Cndp2,Gm20400,Mfap2
43,Ifi44,Gm15232,Gm15727
44,Hectd2,Spib,1700056E22Rik
45,Golm1,4933424M12Rik,Gm15562
46,1700112E06Rik,Mir24-2,Scrt2
47,Ear2,Fkbp14,Pvrl4
48,Cct8,Gm17511,Gm12364
49,Pa2g4,D2Ertd750e,Arl4c
50,Lox,Siglecg,Gm16083
51,Fam175a,A130023I24Rik,Kcnk4
52,Zfp957,A930003A15Rik,Gpr64
53,2010109K11Rik,Trat1,Vangl2
54,Adap1,Cldn13,Ccdc19
55,0610037P05Rik,Ampd2,Zap70
56,Rsl1,Gsk3b,Rps6-ps3
57,Plvap,Brix1,2310046O06Rik
58,Gm4835,Ighv5-17,Fam178b
59,Prex1,C86695,Neurl3
60,Gm17712,Ighv8-5,Ugt1a7c
61,Rnf34,2610034M16Rik,4930579G22Rik
62,Gm17116,Chmp5,Cd48
63,Ccdc109b,Gm7535,Dtl
64,Bmper,Ighv1-78,Fasl
65,Trub1,Hs3st4,Gm9887
66,Tanc1,Gm16074,Gm15656
67,Mdm2,Aim1l,Gm128
68,Clip2,Syt13,Fam196a
69,Entpd7,Igkj3,Rgs7
70,Cst7,9430076G02Rik,BC034090
71,Reck,Psmd2,Gm14411
72,Tnfsf13b,Rgr,Gm14443
73,Ahrr,Lct,Gm12707
74,Gm11675,Epb4.2,9230116N13Rik
75,Gm15994,Nup133,Scel
76,Gm7325,Pcp4,Gm15823
77,Thoc3,AC167229.1,Gm6710
78,Rprd1b,Ighv1-20,Gm20544
79,Galnt9,Trav6-2,Hoxa2
80,Gzmb,1700016G14Rik,4933434I20Rik
81,Mcl1,9330179D12Rik,Gm11175
82,Paxip1,Znhit1,Dnm3os
83,2210404O07Rik,Haus6,AV099323
84,Upf3b,Gm13405,Gm16025
85,Adamts12,Dhrs7,Optc
86,Ptgs2,9630001P10Rik,Rgs2
87,Il1f9,Snx30,Lbr
88,1700123I01Rik,Ankrd34b,Nck2
89,Cpne9,9530036M11Rik,A530032D15Rik
90,Ube2v2,Fam83d,Arhgap30
91,Ttc4,Rnf151,AC165289.1
92,Mt2,Ffar1,Tex15
93,Gnptab,Tex9,n-R5s179
94,Hif1an,Lgals7,Cep170
95,Rpl10,Gm14320,Rnasel
96,Slc31a2,Ighv1-15,Gm17560
97,Csf2rb2,4930593A02Rik,Slamf7
98,8030453O22Rik,Hoxa7,Rfx1
99,Tnfaip3,Arid3b,Ifi203
100,Abcc1,Ubn1,Bard1
101,Cxcl10,Esco2,Casq1
102,Kifc2,Armc3,Gm16750
103,4930552P12Rik,CAAA01010581.1.5350.1,4930562F07Rik
104,Dgkh,Ank1,Prss52
105,Rab35,Cyp2ab1,A430033K04Rik
106,9330151L19Rik,RP23-12I4.2.1,Tmem198
107,Pik3ap1,Pllp,Prrt4
108,Polb,Lrrc16b,Rnf207
109,Tagln3,Arntl2,Gm15651
110,Snord118,H2-Eb2,Gm12706
111,Cd101,Gm3835,Sh3bp4
112,Gm17443,Igkv9-124,Lamc2
113,Cdc42ep2,Tox,Gm15356
114,5430416N02Rik,Pip5k1b,Gm16028
115,Lrrc17,Ccdc76,Gm7846
116,Ifngr1,Zfp407,Htr2b
117,RP24-166B2.4.1,Cep250,Gm1818
118,Naaa,Gm15910,Zbtb10
119,Usp6nl,Gm13778,G630018N14Rik
120,Tsc1,Gm1679,Gm16340
121,2610204G22Rik,Wfdc8,Mnda
122,Glipr2,Lamb2,A530098C11Rik
123,Ncf1,6430527G18Rik,Slamf8
124,Mup-ps10,Acsbg1,Twist2
125,Gm1975,Gm13215,Obsl1
126,Egfl7,Best4-ps,Igsf8
127,Gm16016,Fxyd2,Fam78b
128,Gmds,H2-M10.2,Msc
129,Tmem50b,Pou2af1,Cd28
130,Clstn3,Ighv10-3,Ankrd44
131,Wbp1,Gm3452,Rcsd1
132,Nsun5,Gm15503,Sgpp2
133,Gm16602,Ighv2-3,Nsl1
134,Lims1,B230216G23Rik,Dyrk3
135,Gnai2,Pole,Fam46b
136,Pik3r2,Igkv4-68,AC159897.1
137,Klra17,Pnmal2,Sele
138,Irf5,Serpina3b,Gm10121
139,Psmf1,Ighv5-16,Efna4
140,Gm11461,Trpm1,1500035N22Rik
141,3110047P20Rik,Scrg1,Gm15445
142,2400009B08Rik,Igkv3-12,Itpkb
143,Adam17,Usp53,Pla2g4a
144,D4Ertd22e,Trbv12-1,Hmcn1
145,Rarg,Igkv12-38,Des
146,Pop1,Gm14412,Mcm6
147,Atp6v0a4,Kcnc1,Barhl1
148,Ube2e3,Treml1,Tnfrsf11a
149,Gm15735,Gm10371,Fcrlb
150,Cdc25a,Ces2c,Il18r1
151,Rgs12,Gm1866,Ankrd23
152,B930094E09Rik,Trav21-dv12,Gm10521
153,Gtf3c2,Gm11295,Slc41a1
154,Prpf6,Begain,Cyb5r1
155,Samd15,Gm14018,Mir425
156,Prickle2,Gprin3,Zfp273
157,Kcnd1,4930505N22Rik,Ighg3
158,Zfp866,Gm15563,Gm15663
159,Cd38,Clec4n,Atp1a4
160,Ctss,Igkv8-21,Snord87
161,Pcmtd2,Musk,1700012A16Rik
162,Myd88,Gm16786,Inpp5d
163,Cx3cl1,Gemin8,Gpr35
164,Vdr,Ighg2c,Kif1a
165,Gm13571,Gm15156,Ptprc
166,Cir1,1700102P08Rik,Fcgr3
167,Sbno2,Gm9843,Ica1l
168,Xrcc6bp1,Snord58b,Phf21a
169,Rapgef3,Hoxa4,Bag2
170,Gm12452,Ppbp,Gm15853
171,Ppef2,Vamp5,Aspm
172,Serpina3e-ps,Psma3,Fam166a
173,Rbm4b,Mir5133,Stxbp5l
174,Ccin,Tes3-ps,Gpr37l1
175,Prss32,Zfp759,Mybl1
176,AL732357.1,Kcnj5,Etohd2
177,Gm13091,Tdrd7,Gpr161
178,Pmpca,Ighv1-69,Gm14418
179,Prkg1,Mlh3,Bai2
180,Fut4,AC073553.2,Gm16587
181,Aven,Gm14040,Rsrc2
182,BC037032,2200002J24Rik,Cd34
183,F830045P16Rik,Plekha3,Sp140
184,Psmc3,AC132957.1,Abl1
185,C1qb,Sowahd,Icos
186,Palm,Igkv12-98,Gm2174
187,Acpp,Igkv6-23,Nlrp9c
188,Grhl1,Psmc2,Slc4a3
189,Trim8,Tspan5,Cd247
190,Gm15347,Gm15877,Mtmr14
191,Tmem2,Gm16139,Mfi2
192,C530005A16Rik,Amelx,4930500M09Rik
193,Shank3,Thsd7b,Gm7609
194,Myo9a,Ighv14-4,AC141438.1
195,Trpm7,Gm4221,Il22ra2
196,Afg3l2,Snca,D3Bwg0562e
197,Gnas,2410057H14Rik,Plcl1
198,Plcb2,Trav14n-3,Tmem194b
199,Msto1,Serpina1f,AC160757.1
200,Csf1r,Gfi1b,4933406J08Rik
201,Dsg1b,Acot3,4930598A11Rik
202,Gm16701,Gm11110,Fcamr
203,Bcl2a1b,Gm16260,5730446D14Rik
204,Gm711,Gm10540,C130080G10Rik
205,Sdf2l1,Gm6807,Fam110a
206,Pilrb1,Gm11830,Gm17448
207,Atad2,4930417H01Rik,D630023F18Rik
208,1700029I15Rik,Gm7551,Exo1
209,Lonrf1,Ceacam10,Epha4
210,Gm2822,4930432B10Rik,Gm13829
211,Tpst2,Gm16322,Pdcd1
212,Lyn,Padi1,Ntf5
213,Zswim6,Ppp1r1b,Marco
214,Krr1,Gm12701,1700090G07Rik
215,Gbp3,Sgcg,Spats2l
216,Gm6297,Atf1,Glmn
217,1700045I19Rik,4930579G24Rik,Hephl1
218,Gm10197,Msl3,Fam129a
219,Ssh3,Gm13320,Ysk4
220,Gm12405,Sh2d3c,Rps19-ps1
221,0610025J13Rik,E330009J07Rik,Gls
222,Gm15477,Plxna3,Olfr178
223,Mycl1,Igkv4-61,Gm12867
224,Abcg2,Prg2,Gm15132
225,Gm17491,9330198N18Rik,Ube2t
226,Plac8,Ngp,Ptprn
227,3110003A17Rik,Cenpa,Pvalb
228,Erp29,2810432L12Rik,Sgol2
229,Ppm1j,Ighj2,Kcnj9
230,A330040F15Rik,Gm7251,Gm6565
231,Rap1gap,Lingo1,Gm10364
232,Tmem156,Cxcr3,Vmn1r184
233,Hmbs,Fam45a,Batf3
234,1700007L15Rik,Gm16105,Ankmy1
235,Adnp2,Lypd3,Gm10561
236,Robo1,Qser1,Gm5069
237,Csf3r,Cdh11,Ran
238,Synpr,Mir3968,Atp1a2
239,Rundc3b,Gm13470,Pomc
240,Dnajb5,Gm5611,Gm15452
241,Gm16977,1700080E11Rik,Cd244
242,Mlkl,Gm13192,B230216N24Rik
243,Actb,Sh2d5,Rpl18-ps2
244,Gm15533,Tmem66,Slc30a8
245,Spg7,Fam129c,Stat4
246,Ifit3,Alpl,Ier5
247,Ly6g,Hyal4,Capns2
248,Snx1,Fam46d,Gm14762
249,F630028O10Rik,Grm1,Gm10463
250,Laptm5,Phlpp2,Cxcr7
251,Eomes,Mastl,Ccdc37
252,Ncf4,Gp5,Ikbke
253,Minpp1,Tex21,Guca2a
254,Gm13966,Depdc1b,Gm15914
255,Ranbp10,4930524L23Rik,Traf5
256,Lca5l,Ighv1-30,Csnk2a1
257,Aptx,Nfxl1,Tmem163
258,Serpine1,Otud7a,Actr3
259,Cmklr1,Igkv8-16,Fam132b
260,Wisp3,Rhobtb3,Gm15900
261,Esam,Ano5,Gm9788
262,Cdc42bpg,Igkv3-7,1700010K24Rik
263,Mtif3,Blcap,Uck2
264,Smad7,Ighv1-62-2,Gm16193
265,Car13,Gm16738,Pi15
266,Zfp516,Fpr3,Rgs1
267,Gm17410,Gm15667,Gm2449
268,6530402F18Rik,Gm8203,Snora75
269,Capza1,Serpinb1-ps1,Gm10424
270,Mob3c,Ighv1-58,Gm10072
271,Arl10,Ccdc135,Als2cr12
272,BC029214,Atp6v1d,Gm13982
273,Rhoc,Gpx5,Gm5561
274,Stard7,A230072C01Rik,SNORA5
275,Cdkal1,Htr3b,Gm16581
276,Gm6493,Igkv4-55,Kcnj10
277,Efcab1,4632415L05Rik,Gm13361
278,Gm17598,Gm10327,Rpl27-ps1
279,Cage1,Cry1,2010300C02Rik
280,Ppil2,1810048J11Rik,Soat1
281,Zfp964,S100a10,Gm9845
282,Ccdc88b,Lrfn2,Cxcr4
283,Srgap1,Ighe,Nkx2-2
284,C430049B03Rik,Eci3,Gm7281
285,Sost,Igkv17-121,Eef1a2
286,Lipg,Galntl1,Gm15868
287,Fblim1,Rfc3,Gm16338
288,4930451E10Rik,Fgf13,Tmem206
289,Ogfod2,Asb13,Ttc24
290,AI837181,Ighv3-8,Lrp2
291,Clec4a1,Gpr150,Gm8292
292,D14Ertd668e,Vwf,Bcl2
293,C230012O17Rik,Vmn2r98,Gm17224
294,Fam164a,Adck1,AL833775.1
295,Sptlc2,Kif17,Faim3
296,Zfp90,Gga1,Il1rl1
297,Gbp7,Clvs1,Gm13591
298,Cerk,Ttc9,Mtap2
299,Gm16287,Pcdhb9,Gm15186
300,Vcan,Stambp,3110035E14Rik
301,Rab3a,Ccdc92,Mcm3
302,Mboat1,Myl2,Vmn1r-ps146
303,Sh2b2,Rbfox1,Angptl1
304,Mt1,Gria3,Snora41
305,Pcdh18,Susd5,Popdc3
306,Gm7665,Blk,Gm16168
307,Mir291b,Vwa5b2,Gli2
308,F630043A04Rik,Ppp1r3f,Chi3l1
309,Zbtb3,Usp14,n-R5s54
310,Ilf3,4931415C17Rik,4930594C11Rik
311,Msrb2,Shc2,Gm3244
312,B230317F23Rik,Gm5134,Ovol1
313,Col9a3,Peli3,Gm9762
314,Sat1,Igkv4-79,Col3a1
315,Gm16272,4930517O19Rik,SNORA72
316,Olig1,Gm15729,Kif21b
317,Cxcr6,Krt28,Slc35b3
318,Naip5,1700012B09Rik,Ncf2
319,9430020K01Rik,Klk13,Dusp10
320,Msr1,Spocd1,Muc4
321,Gm12267,Ltf,Gm12934
322,Gm13431,Cd3e,Gm15849
323,Arl6ip4,Gm10929,Sema4c
324,Plat,Chaf1b,Nfasc
325,Pdcd7,Slco4a1,Fndc7
326,Bst1,Tmprss7,Pycr2
327,1700034H14Rik,Cacna1h,Gm6640
328,Slc26a2,Tnfrsf17,Gm13710
329,Gm15283,4932438A13Rik,Igsf9
330,Npepl1,Gm17439,Mapk4
331,Rbbp7,Gm16876,Chml
332,Alkbh3,Gm12394,Gm2199
333,Gm17605,Rwdd1,Olfml2b
334,Ptpn12,Arrdc3,Akt3
335,Ets2,Gpr82,Ptpn14
336,Hivep3,Gm10827,Tll1
337,Slc29a3,Gpr31c,Cyp2b10
338,Oas1a,Camk2a,Tmcc2
339,Gm10343,Shh,Pcdhb17
340,Fam3b,Pola1,Insl3
341,Gm14047,Ighv1-54,Gm1070
342,Tmem69,Trav6-4,Daf2
343,RP23-268N22.1.1,Ms4a1,Gm10552
344,Acvrl1,Mef2c,Gm16180
345,Cul4a,Hmgn2,Prrx1
346,4933432B09Rik,Ston2,Gulp1
347,Cryzl1,Slc14a1,Pcdhb4
348,Tcirg1,Ncapg,B3gnt7
349,Ube2r2,Pde5a,Lax1
350,F630111L10Rik,Igkv4-59,AA987161
351,Gm9763,Olfr756-ps1,Gm10608
352,Gm7638,Gm15850,Aim2
353,Tapbpl,6030446N20Rik,Rpl17-ps4
354,Fam107b,Scnn1g,Gm17017
355,Rapgef5,Igkv1-99,Gm13418
356,Cmtm3,Mmp2,Cenpf
357,Gtf2ird2,Stx16,AC110235.1
358,Ddx58,Igkv2-109,Cldn6
359,Kcnk10,Commd2,5S_rRNA
360,Sla,D3Ertd751e,Gm15208
361,Gm4902,Gm7856,Plekhm3
362,Ndufb8,Chrna10,Enah
363,Serpina3i,Limch1,4921511H03Rik
364,Zfp456,Trbv13-3,Slamf1
365,Vill,Gm8121,Col10a1
366,Mup-ps18,Gm14303,Xcl1
367,Mterfd1,Iglv3,Gm4793
368,Klra2,Trav6n-6,Hist1h2ae
369,Rnft2,Unc80,Gm16092
370,Synj1,Igkv4-57-1,Pydc3
371,Wdr95,D830026I12Rik,Gm12844
372,Rnf144a,AU023871,Gm6104
373,Amica1,4933422H20Rik,Gm13777
374,Apol6,Gm17249,H60b
375,Ripk1,Gm6341,Gm10101
376,Gm6594,Adam3,Gprc5d
377,Gm13771,Nudt9,Tesk1
378,4930599N23Rik,Vldlr,Mndal
379,Mitf,Gm5432,Antxrl
380,Hsbp1l1,Kremen2,Ly9
381,Gnb4,Gm13657,Gm10337
382,Dennd4b,Tdrd12,Mir1898
383,Parn,Gm10135,E330020D12Rik
384,Ccdc12,Gal,Stx1a
385,Kcnk3,Gypa,Gm17349
386,Dnahc10,4933417A18Rik,Map4k4
387,Gm17036,Ighv1-12,Serpinb7
388,Col4a1,Gm11824,C130036L24Rik
389,Cntln,Igkv4-90,Cxcr2
390,Etv6,Gm13206,Sell
391,Gm514,Gm6169,Ptpn7
392,Ltb4r1,AC091763.1,Nav1
393,Exoc1,Tmem33,Kcnq5
394,Znhit2-ps,Gpr81,Cpne7
395,Gm17122,Cd19,AL589870.1
396,Bcl10,9530046B11Rik,Gm17146
397,Kctd17,Phip,D630008O14Rik
398,Gm16192,Ighv9-4,Nenf
399,A830007P12Rik,Zfp839,Gm7582
400,Gm15650,Rbm19,Gm15453
401,Tead4,Serpine3,Mir382
402,Slc17a7,Ighv1-55,Nek2
403,Bag1,Gm15987,4933439K11Rik
404,Znfx1,1700029M20Rik,Serpinb10-ps
405,Gm10290,Tbcel,Klf10
406,Btf3l4,Igkv4-74,Arid5a
407,Mios,Rassf3,Gm14834
408,Mcpt8,Dct,Ap1s3
409,Gm9833,Fam179b,Ppwd1
410,Gm5544,Hist4h4,Mrps36
411,Cttnbp2,Gdf3,Rassf5
412,F630110N24Rik,Btnl6,Rgs4
413,Hcls1,1700067K01Rik,Dnajb3
414,Tmem54,Reep2,5430435G22Rik
415,Ehd4,Gm13237,Cacna1s
416,Csnk2a2,Gpkow,C130026I21Rik
417,B230378P21Rik,Dcps,D430001F17Rik
418,Marveld1,A430092G05Rik,Orc2
419,Slc6a7,Atp2b2,D230002A01Rik
420,Caprin2,Gm15428,Nuf2
421,Oxct1,Erlin2,Ldlrad1
422,Slc47a2,Uba3,Inhbb
423,Cox18,Gm13150,Cd40lg
424,Cd276,Ntrk3,Npl
425,Ccnh,Gm16556,D330023K18Rik
426,Gm5582,Gm12908,Rpl31-ps4
427,Itsn2,Scand1,Zfp617
428,Ubxn2b,Tesc,Gm12474
429,Atad2b,5830416P10Rik,Ptgis
430,Kpna1,Leprel2,Actg-ps1
431,Mrps30,Esm1,2210418O10Rik
432,Mtmr12,Gba2,Gm3608
433,2210408I21Rik,AI314180,1500011B03Rik
434,G730013B05Rik,Gm14634,Gm17527
435,Rbm33,Tmem151b,Gm15848
436,9330111N05Rik,Csmd2,Gm16067
437,Sephs1,Diras2,0610009D07Rik
438,Sirt4,Rspo1,Gm14420
439,Slc25a43,Gm16237,Trpm6
440,Pdlim2,Dapk2,Tagln2
441,Gm12953,Trav6d-4,Atf3
442,Arvcf,Hao2,Slamf6
443,Gm17189,Sit1,Rgs18
444,Fbn1,Bmx,Rpl19-ps1
445,Mkrn2,1700016C15Rik,Traf3ip3
446,Ms4a7,Clstn1,Il1rl2
447,Ahdc1,Rbm8a,Slc11a1
448,Gm16437,Gm14239,Gm14925
449,St6galnac4,Vhl-ps1,AA543186
450,Tsr2,Itgad,BC094916
451,A930005H10Rik,Lhx9,A530040E14Rik
452,Ppdpf,Rspry1,4732415M23Rik
453,Plscr1,Hoxa9,Gm10701
454,Slc12a8,Igkv8-27,Gm13071
455,Hpse,Hdac7,Il18rap
456,AV064505,1700120B22Rik,Mir677
457,Pfkp,Dlg3,Gm15568
458,Zc3h7a,Tnnc2,Gm16550
459,Fbxl5,Fabp12,Btg2
460,Actn1,Rab2a,Zic1
461,Gm16235,Zar1,Fcrl6
462,Tmem173,Trav13n-4,Lmod1
463,Psrc1,Gm11843,Gm6397
464,Snap23,Arhgap5,Gm17377
465,Zfpm2,Dppa2,Gm10191
466,Utp3,5430416O09Rik,Fcrla
467,1200007C13Rik,Ccr6,Gm16897
468,Gm12925,Arhgap19,AU041133
469,BC065403,Rhebl1,SNORD86
470,4930430E12Rik,Igkv12-41,Gm17683
471,Gm10425,Ighv3-6,Ifi205
472,Fam115a,Gm13814,Vmn1r-ps145.1
473,Srd5a3,Gm13213,Pik3c2b
474,Pus1,F2rl3,Dsel
475,Coq4,Mir3092,Gm8935
476,Hk3,Gpsm1,Stk17b
477,Gtf3a,Rfc4,Sp110
478,4930540M05Rik,Igkv17-127,Csrp1
479,Foxd4,Igkv4-57,Klhl9
480,Phc2,2010015L04Rik,Rftn2
481,Utp23,Lctl,Lysmd1
482,Mypn,Ascl4,Gm20420
483,Sirpb1b,D10Bwg1379e,4930523C07Rik
484,Pak1ip1,2610109H07Rik,1700057K13Rik
485,Ggta1,Gm17686,Slamf9
486,Batf2,Smad4,Slc1a7
487,AC103388.1,Zcchc6,Chpf
488,Ranbp3l,Ighv1-75,Sp100
489,Nat8l,Entpd6,AL591712.1
490,Col15a1,Ighg1,
491,Naip2,Gm10443,
492,Wdr45,4930453N24Rik,
493,Hmgb1-ps5,Mir5109,
494,Pdgfrb,Igkv15-103,
495,Krt79,5133401N09Rik,
496,Gm20529,Gem,
497,4933404O12Rik,Scml2,
498,Dynll1,Gm13017,
499,Mxd4,Fbxl2,
500,Gas2l3,Gm14091,
501,Atp1b3,Kctd14,
502,5031425E22Rik,Gm11841,
503,Gm10306,A930012O16Rik,
504,Gm15856,Esrrb,
505,Gm17395,Igkv13-84,
506,Glrx5,Gm13624,
507,Itga4,Kbtbd3,
508,Gm11842,Ighv1-39,
509,C1qc,Gm10382,
510,Pstpip2,Gm16353,
511,Thy1,Klhl14,
512,Csf2ra,Pax5,
513,Apaf1,Gm5161,
514,4632404H12Rik,Hoxa6,
515,Plcd1,Eif3j,
516,Fbxw17,Gale,
517,SNORD88,Rab19,
518,Snx6,Cnot2,
519,Rcn1,Rttn,
520,Ndufb2,Igkv10-96,
521,AL591496.3,Dio2,
522,Cnbp,Chst10,
523,Gpnmb,Ankrd35,
524,1700121F15Rik,Gm16194,
525,Evl,Gm15246,
526,Ncaph2,Me1,
527,Gfi1,Gm14166,
528,Pcnp,Cyp2c69,
529,Gm4482,BC027072,
530,Art3,Snord73a,
531,Kcnip3,Fam189b,
532,Nphp4,Efcab6,
533,Eif1ax,Cst6,
534,Gm20531,Mutyh,
535,Eif2c2,Gm3448,
536,Sept11,Fam82a2,
537,Cd14,Gm16326,
538,Gm20603,Olfr692,
539,Tmem201,2700086A05Rik,
540,Ubash3b,Igkv3-1,
541,Gramd3,Sub1,
542,Clec7a,3110070M22Rik,
543,Acpl2,Gm14820,
544,Tmem57,Lrrc1,
545,Plod3,Ighv9-3,
546,Gm16589,Gm12542,
547,Fem1b,E030030I06Rik,
548,Clec12b,Gm14958,
549,Usp24,Gm17344,
550,Gm5150,Gm14098,
551,Rs1,Klrc1,
552,1110002L01Rik,Kel,
553,Plekhg1,Gm15818,
554,2310001H17Rik,Gm11029,
555,Nod2,Slc29a4,
556,Pkia,Zfp873,
557,Il22,Ccdc147,
558,Pqlc2,Igkv16-104,
559,1200009I06Rik,Msmp,
560,Hsf4,Pde6a,
561,Gm13111,Gm11437,
562,Ly6e,Paip1,
563,Synpo2l,Pkd1l3,
564,Mzt2,Gm4477,
565,Trps1,Serpini1,
566,Batf,Rnf182,
567,A930005I04Rik,Gm8394,
568,2410075B13Rik,Smek1,
569,Baz1a,Fam23a,
570,Eef1d,Gm9575,
571,Mtx3,Gm17498,
572,Ckb,Spink4,
573,Tmem116,Icam5,
574,Isca2,Vps72,
575,Plagl2,Dlg2,
576,5430427O19Rik,Ighv1-66,
577,Zfp935,2310001K24Rik,
578,Mrps26,Gm15980,
579,Gm8093,C1ql3,
580,Card9,AL589870.2,
581,Heatr3,Trim10,
582,Ostm1,Slc4a1ap,
583,Gm7887,Cntn1,
584,Il12rb1,Trbc2,
585,Wdhd1,Gm15401,
586,Lilrb4,Xlr4a,
587,Arhgef2,Gm15482,
588,P2ry12,H1fx,
589,Tmprss9,Osr1,
590,Tubb3,Cacnb2,
591,Ctla2b,Cngb1,
592,Wdr36,Ighv14-3,
593,6430573F11Rik,Ighv1-37,
594,Rtp4,Egln3,
595,Bhlhe22,Gm10430,
596,Plekhm2,Trbv20,
597,Eya3,Traj5,
598,Tnks2,Gm11752,
599,Ralgds,Asap2,
600,Tigit,Rala,
601,Tardbp,Cyp2c40,
602,Gm17557,Mns1,
603,Gm16286,Igkv12-44,
604,1810037I17Rik,Ighv1-82,
605,Cdk10,Gpr174,
606,Best1,Vmn2r84,
607,Slc22a20,BC016579,
608,D0H4S114,Kif27,
609,Sh3pxd2a,Tbrg1,
610,Gm14023,Gm14401,
611,Lyz1,Spata9,
612,Minos1,Gm15662,
613,1810033B17Rik,Ighv6-6,
614,Gm16144,Scarna13,
615,Col17a1,Ccdc88c,
616,Dio3,A930017M01Rik,
617,Pbxip1,Ighv1-18,
618,Slc45a4,Gm13643,
619,Gm17397,Igkc,
620,Xrcc4,Lrrc39,
621,Fam49a,AW146020,
622,Cdkn2a,Hemgn,
623,Cd80,Ppm1m,
624,Gm16578,Il31ra,
625,Clic4,Mbd4,
626,Gm8459,Ddx10,
627,Cnot1,2610002D18Rik,
628,Gpr113,Atad1,
629,Zdhhc21,Slc35d3,
630,Isyna1,Denr,
631,Chrna1,Frmd5,
632,Reep1,Aqp3,
633,Nbn,Chrm1,
634,Fhod3,Fancg,
635,Syce2,9830107B12Rik,
636,Ak8,4932430I15Rik,
637,2310008H04Rik,Mast4,
638,Degs2,Ighv2-9,
639,Anxa3,A330041J22Rik,
640,Csnk1e,Npy,
641,RP24-262G23.4.1,Trav17,
642,Mcam,Gm12611,
643,Lsm14b,Igkv3-9,
644,Rfx5,AC136976.1,
645,Gm11212,Gata1,
646,C130039O16Rik,Cpxm1,
647,Tfe3,Trav8d-1,
648,Rbbp8,Pf4,
649,Timp3,Gm12306,
650,Gas1,Igkv6-13,
651,Slc15a3,Gm10311,
652,Gm17272,Gm13586,
653,Hexb,Uts2d,
654,Setd8,5930403N24Rik,
655,BC056474,Ptpn11,
656,Tmem42,Stk38l,
657,Hist1h1d,Ighv5-9-1,
658,Kcnab2,Ighv1-31,
659,Il6,Mapkbp1,
660,Syce1l,Serpinb1a,
661,Fmnl2,Ighv8-12,
662,Rps2-ps5,Iglv1,
663,Hivep1,Gm14137,
664,F830208F22Rik,Cdk19,
665,B430305J03Rik,2310043D23Rik,
666,Scn8a,Clec2i,
667,Gcn1l1,Ighv6-3,
668,Stfa2,Gm17653,
669,Parvg,Cacna1c,
670,3110043O21Rik,Ly6g6c,
671,Eif2b5,Cdv3,
672,Gm14017,Tmem40,
673,9030418K01Rik,Spata22,
674,Zswim4,Vamp7-ps,
675,Hdac10,Spna1,
676,Ptgfrn,Ift81,
677,Mll1,Gm11273,
678,BC003266,Ighv1-85,
679,Psg22,Gm17719,
680,Pkd1l2,4921525B02Rik,
681,Atp5o,N4bp2l2,
682,Aoah,Olfr755-ps1,
683,Zyx,Trbj2-1,
684,Gm15995,Igkv3-10,
685,Kif5c,Tubb1,
686,Cyba,Fam163b,
687,Lpl,4921507G05Rik,
688,Maml2,Ighv5-9,
689,Fam129b,Ighv1-42,
690,Gm15419,Ache,
691,Gm12956,Ntpcr,
692,E030024N20Rik,Ptprn2,
693,Gm16705,St8sia6,
694,Anapc7,Ighv14-1,
695,Yjefn3,9330132A10Rik,
696,Edc3,Sorbs2,
697,Fuk,Gmpr,
698,Cd86,A630072L19Rik,
699,Enc1,Zfyve28,
700,Dus4l,C530008M17Rik,
701,Gm16861,Ighv2-6-8,
702,Cd93,Gpr128,
703,Tle2,C030017K20Rik,
704,Usp20,Gm16831,
705,Gm15559,Igkv9-120,
706,Cep57l1,Prg3,
707,Trim56,Gm11953,
708,Slc38a1,Cep120,
709,Hdac3,Kdm4d,
710,Plxdc2,Gm17196,
711,Tubb6,Ppil6,
712,D730040F13Rik,Adrm1,
713,Syn1,Ighv5-4,
714,4933440N22Rik,AC127419.1,
715,Gm16096,Cox6b2,
716,Hrh2,Dcaf13,
717,Serpina3g,Rbx1,
718,Zbp1,Gm15698,
719,Msh3,Tnnt3,
720,Arhgap31,Mir194-2,
721,Afap1l2,Slc18a1,
722,Fxyd4,Gm12936,
723,Mctp1,Gm20517,
724,BC042782,Gm628,
725,Cyth4,Gm13313,
726,BC035044,Wdr65,
727,Anxa2,Cd8a,
728,Vac14,Cyp4x1,
729,Coro7,Gp6,
730,Akr1b10,Prss16,
731,Ano6,Gm11346,
732,Pcdhb19,Trpc6,
733,Amh,Grid1,
734,Gm17726,Gm14042,
735,Naca,Gm17343,
736,Cacna1f,Kcnk12,
737,Pcnxl2,Gm16737,
738,Pxn,Zcrb1,
739,Dgcr2,Igkv6-32,
740,4930597O21Rik,Gm13303,
741,Fli1,Igkv1-135,
742,Prps1,Vit,
743,Acot9,Trav10,
744,Bcl2l13,Nedd4l,
745,Mcoln2,Csde1,
746,Ppic,Ighd4-1,
747,Arfgap3,Serpina1c,
748,Ccr5,Syt10,
749,Pstpip1,Trbv17,
750,Vps8,Cox4i2,
751,Map3k7,Gm11802,
752,Ssbp4,Cyp3a44,
753,Sh3bgr,Igkv4-71,
754,2410018M08Rik,Gm16015,
755,Tmed3,Gm11671,
756,Gm12981,Mtap9,
757,Orai2,Mpl,
758,Ripk3,Pwp1,
759,St8sia2,Rasl11a,
760,Gm15479,Gm10151,
761,Tifab,Ctnnd2,
762,Muc1,Ear6,
763,Naa10,Ddx1,
764,Nfam1,Defb1,
765,Cxcl3,Scarna2,
766,Klrg1,Gpr137b-ps,
767,Ifngr2,Gm12654,
768,Cd9,Gm12426,
769,Btk,Rfc2,
770,Tmem168,Epm2aip1,
771,Wdfy4,Mir369,
772,Gm16896,Gm12841,
773,Phpt1,4732444A12Rik,
774,Ddx19a,Gjb3,
775,Gm16685,1700092C17Rik,
776,Slc2a6,Fam3a,
777,Luc7l2,Kif6,
778,RP23-398K14.3.1,Tjp2,
779,Rab27a,Bcl11b,
780,Uba7,Psmd7,
781,Prkch,Sass6,
782,Ddx24,Col4a3bp,
783,Wrn,Igkv8-30,
784,Tmem65,Traj2,
785,Ecscr,Frmd6,
786,Gm17525,Cdkl5,
787,Pde1b,Gm16201,
788,Hk2,Afp,
789,Hist1h4k,Atp6v0b,
790,1700026L06Rik,Ighv9-2,
791,2810002N01Rik,Gpr173,
792,Gm13626,Igkv4-86,
793,Ptplad2,Zbtb25,
794,Eif4e3.1,Cd5,
795,Stat6,Gm16558,
796,Adam15,Cpa3,
797,Duox2,Igkv4-58,
798,Duoxa2,Dennd4c,
799,RP23-286E6.3.1,AC152062.1,
800,Adam10,Gm20521,
801,Wdr1,Cpne5,
802,Rbl2,Trav8-1,
803,Mmp7,Phgdh,
804,3930402G23Rik,Lrrc6,
805,Foxo4,Gpr63,
806,Gtl3,Sh3rf3,
807,Tmco6,Actl7b,
808,Dido1,1600010F14Rik,
809,Tsnax,Lmtk3,
810,Slc7a7,Hcrtr1,
811,M6pr,Mir3470b,
812,Dynlt1-ps1,Gdpd2,
813,Oas1g,Wfdc15a,
814,Mnat1,Mmrn1,
815,Dhrs9,Arl5a,
816,Lama3,Igkv12-46,
817,Phc1,Gm10593,
818,Snx10,Gm16625,
819,Parp9,Ighv1-52,
820,Ssbp1,Igkv5-43,
821,Nop16,Gm14251,
822,S100a11,Mthfd1l,
823,Znhit6,Gm17568,
824,Med22,Syt17,
825,Trp63,Fam5c,
826,AC093451.1,Trbv14,
827,Efemp2,Prmt6,
828,Coro2a,Cldn10,
829,Auh,Klf8,
830,Ndufs8,Nccrp1,
831,Orc5,Gm12161,
832,n-R5s67,Rabl3,
833,Lmo4,1700003D09Rik,
834,Faf1,Mrgpra2b,
835,Mir155,Rpa3,
836,2410004B18Rik,Rsph6a,
837,Bcl9,Mirlet7d,
838,Tlr4,Ptprt,
839,Cd44,Cdhr1,
840,Fzd9,Ptprv,
841,AF085738,Snx3,
842,Uqcrh,Igkj5,
843,Ube2l6,Ighv1-5,
844,Cd53,U12,
845,Gm16002,Gm16218,
846,Vps37c,Arpp21,
847,Cbfa2t2,Gm9670,
848,Cttnbp2nl,1700099I09Rik,
849,4930481B07Rik,Gm15471,
850,Gm6361,Snupn,
851,Tgfbr2,9430015G10Rik,
852,Mlxip,Tcea1-ps1,
853,Jun,Ighv1-77,
854,Gbp5,9530048J24Rik,
855,Ppp1r3d,Myb,
856,Nckap1l,Gm12249,
857,Gm17507,Gm17408,
858,Mkln1,1500009L16Rik,
859,Mefv,Ostn,
860,Tlr8,Gm3550,
861,Gm14005,Gm12708,
862,RP24-399B3.1.1,Tktl1,
863,Mllt10,Ighv1-64,
864,Tmed8,Ighv1-23,
865,Myzap,Rtkn2,
866,Hbegf,Trhde,
867,Ms4a4c,Slit1,
868,2410017P09Rik,A430078G23Rik,
869,Setbp1,Zcwpw1,
870,Gatsl2,Kcnab1,
871,Tnfrsf1b,Gm20535,
872,AI504432,H2afj,
873,Stag2,Bzw2,
874,Spred1,Mfsd2b,
875,Klrk1,Klra5,
876,Gm5555,Ugt2b37,
877,Gm1564,AC158749.1,
878,Morn1,Dnajc6,
879,Fem1c,Igkv5-48,
880,Tnp2,Gng10,
881,RP23-187N14.2.1,G6pc2,
882,Gm10604,Gm19684,
883,Nfatc2,Olfr613,
884,Oasl1,Gm13270,
885,Wdr41,Ighv2-9-1,
886,Psmb10,4930441O14Rik,
887,Gsdmd,Gm10068,
888,Chrm4,Hrh1,
889,Mxd1,Igkv10-94,
890,Atp11a,Aff2,
891,Txlnb,Mad2l2,
892,Csdc2,Ighv1-80,
893,Cd226,Sec14l5,
894,Osmr,Rnu3b-ps2,
895,Cxcl9,Aspn,
896,Gm10597,C1galt1,
897,Sdc3,Mir1905,
898,AC149056.1,4930422G04Rik,
899,Ptger4,Lactbl1,
900,Gpr124,Tet3,
901,Panx1,Trappc8,
902,Zdhhc1,Cenpo,
903,2810428I15Rik,Cnr2,
904,Gm13836,Enox,
905,Zfp202,Irf4,
906,Gm12693,Rogdi,
907,Gm16364,Gm17494,
908,Celsr3,Lefty1,
909,Hook2,Yipf6,
910,Fcgr1,Ighv1-72,
911,Gm4262,Camk1g,
912,Gm17461,Amph,
913,Elk3,Dock7,
914,E2f7,Gpr34,
915,Tnfaip8l2,Lgals8,
916,Rbfa,4933421A08Rik,
917,March1,Ighv9-1,
918,C030005K06Rik,Zfp654,
919,Ephb2,Gm13031,
920,Klra7,Gpr1,
921,Frzb,2310003L22Rik,
922,Trit1,Gm13253,
923,Ccnl1,Nsfl1c,
924,Pld4,2700097O09Rik,
925,Myg1,2700094K13Rik,
926,Api5,Egln1,
927,Fam151b,Gm14022,
928,5830454E08Rik,Ighv8-8,
929,Dnase1l1,Ect2,
930,1700040I03Rik,Trav9d-1,
931,Tnc,Traj1,
932,Gsg1,Gm15684,
933,Pak2,Riiad1,
934,Mx1,Gm13231,
935,Mapkapk3,Ighv2-2,
936,Gm15701,Kif16b,
937,Ssbp3,Rpl31-ps6,
938,Atp8b2,Gm15326,
939,Chchd7,Sema4f,
940,Tbc1d7,Ms4a14,
941,Tmem186,4930447A16Rik,
942,Gbp9,Yme1l1,
943,Clec4e,Tnik,
944,Gm6030,4930556M19Rik,
945,Rit1,Ighv1-26,
946,Skap2,Dnm1l,
947,Snora28,Trdv2-2,
948,Hltf,5031434O11Rik,
949,Selplg,Sult3a1,
950,Grcc10,Slc6a3,
951,1700065I17Rik,Tex10,
952,Il33,Abca4,
953,Mrpl21,Gm17638,
954,Mup-ps8,Olfr98,
955,Muc20,Cpt1b,
956,Fxn,Igkv6-17,
957,Cmpk2,AI314831,
958,Podn,1110021L09Rik,
959,Zfp800,Igj,
960,Sirpb1c,AL929371.1,
961,Ppat,Arpp19,
962,Gm15411,Igkv4-72,
963,Ppt1,2700081O15Rik,
964,Ptprj,Sdc2,
965,Rom1,Gm14230,
966,3110001D03Rik,Ighv1-76,
967,Terf2ip,RP23-260N23.12.1,
968,Ovol3,Bglap,
969,Gm3788,Sspn,
970,Nmt2,Samd10,
971,Anapc16,A430046D13Rik,
972,Nod1,Btbd7,
973,S100a8,Rasgrp2,
974,Arhgap26,Sidt1,
975,Mrpl40,Gm6787,
976,Cxcl5,Hbb-b1,
977,BC006965,Rpusd4,
978,H2afy3,Stam,
979,Tmem164,Gm14335,
980,Ptbp1,Ighv1-59,
981,Map4k5,Vps39,
982,Gm6304,Extl1,
983,1700066B19Rik,1600012F09Rik,
984,Cox4nb,Tmem170,
985,Npdc1,H2afy,
986,Scd2,Sltm,
987,Gm16749,Gm6190,
988,Cd274,Gm10942,
989,Idh3g,Gp1bb,
990,Cox4i1,Igkv2-137,
991,Tfec,Igkv14-100,
992,Trdv5,Gm13648,
993,Slc2a4rg-ps,Smad5,
994,Cdk16,Ccdc62,
995,Procr,Fcer2a,
996,Mertk,Ighv3-1,
997,Sacs,Igkv6-25,
998,Fam165b,Oxct2a,
999,Snx20,9630033F20Rik,
1000,Nap1l2,Mir3074-1,
1001,Gm12523,Ccne2,
1002,Pop7,Ighg,
1003,Sirpa,Ppp2r3a,
1004,A530076I17Rik,Igkv2-116,
1005,Phactr1,Hyal5,
1006,Aak1,Gm572,
1007,Lrrc63,5430402O13Rik,
1008,Cdnf,Gm16724,
1009,Heg1,Erp44,
1010,Emilin1,Igkv4-80,
1011,Cnksr3,Ighv15-2,
1012,Slc9a1,Gm17253,
1013,Egr3,9930005F22Rik,
1014,Renbp,Myo18b,
1015,Surf2,Igkv3-2,
1016,Naa35,Olfr101,
1017,Mettl8,Prss34,
1018,Lrrc25,Ighv1-61,
1019,Elovl7,Trav19,
1020,Disc1,Bpifb4,
1021,Ppap2a,Ighv1-4,
1022,Plekho2,Traj15,
1023,Vps13d,Lrit2,
1024,Kcnk13,Gm12618,
1025,Rnaseh1,Ighv1-22,
1026,A630077J23Rik,Igkv14-130,
1027,Ubtd1,Gm9143,
1028,Immp1l,D5Ertd579e,
1029,Myh9,Fam65c,
1030,Lrguk,Gm16710,
1031,Ppp6c,Ighv5-12,
1032,Acyp1,Gins1,
1033,Clca1,Rnf19a,
1034,Stoml2,Ighv1-49,
1035,Gm1332,Vdac3-ps1,
1036,Chmp3,Igkj4,
1037,Cry2,Klrc2,
1038,Txnl4b,Gm20429,
1039,Dtnbp1,Gm14769,
1040,Flna,Cr2,
1041,Gm13179,Gm10419,
1042,Tmem203,Il20ra,
1043,Hmox1,Zfp600,
1044,Gm15658,Gm15657,
1045,Rps6ka3,Gm12892,
1046,RP23-459I1.1.1,Ralgps1,
1047,Gm16118,Agap2,
1048,Gm16044,Prkd1,
1049,Leprot,Ighv1-53,
1050,Nckap5l,Asns,
1051,Gm13773,5830444B04Rik,
1052,Golph3l,Nwd1,
1053,4931422A03Rik,F730016J06Rik,
1054,E230015B07Rik,Igkv8-19,
1055,Kctd19,Eif3d,
1056,Zbtb34,Gm11362,
1057,Lyrm4,Ptchd1,
1058,Tnfsf10,Ighv1-36,
1059,Eno4,Lin28a,
1060,9130230L23Rik,2900011O08Rik,
1061,Gm14439,Slc9a2,
1062,Trappc5,Prpf40a,
1063,Akt1,Igkv4-63,
1064,Tlr13,Dcx,
1065,Gm15418,RP23-71G16.1.1,
1066,D930007J09Rik,Piwil4,
1067,Dopey2,Gm13032,
1068,Pex10,Igkv4-53,
1069,Aurkaip1,Poc1a,
1070,Cxcl2,Krt86,
1071,Ttc12,Ighv1-9,
1072,D130040H23Rik,Kcnma1,
1073,Ndufv1,Tcp11,
1074,Csf1,Acss3,
1075,Trpm2,Ighv10-1,
1076,Serpina3d-ps,Cfdp1,
1077,Ranbp2,Gm9493,
1078,Ift52,Tcrg-V4,
1079,Senp1,Cpa6,
1080,Sdcbp,4930556N13Rik,
1081,Gm17711,Cyp3a16,
1082,Glg1,Gpd2,
1083,Hif1a,Stmn2,
1084,Tlr11,Trav1,
1085,Gm10819,Socs2,
1086,Gm15478,Gm13217,
1087,Ube2h,Thnsl1,
1088,Fahd2a,Hoxc5,
1089,Atg4d,Ighv5-6,
1090,Alg6,Cdx4,
1091,Gm16267,Gm11773,
1092,1700042O10Rik,Rsph4a,
1093,Meig1,Klhl8,
1094,Gpr107,Ube2k,
1095,March8,Gm7901,
1096,Slc13a2,Gm15148,
1097,Itgb1,Lef1,
1098,Mup-ps2,Maoa,
1099,Rg9mtd3,Tapt1,
1100,Tbk1,Gm11967,
1101,Vsig2,Ccdc34,
1102,C330021F23Rik,Trim33,
1103,Vdac3,Tnfsf11,
1104,2810417H13Rik,Trbv29,
1105,Pilra,Gm6846,
1106,Ranbp6,Gm5127,
1107,Retnlg,Igkv6-15,
1108,Eno2,Ppp1r3e,
1109,Hey2,Twistnb,
1110,Efhd2,Ighv7-3,
1111,Cep55,2400003C14Rik,
1112,Stard3nl,Atf4,
1113,Lynx1,Gm16220,
1114,Gm336,Gm11828,
1115,Timm10,Rbm24,
1116,Gm14537,Lypd6b,
1117,Lrrc33,4930403N07Rik,
1118,Sun3,Gm15415,
1119,Stx3,Shank1,
1120,Phf20l1,Ribc1,
1121,Gm6863,Brcc3,
1122,Cfp,Gm16336,
1123,Mrps15,Gm17532,
1124,Gm10614,Gm13727,
1125,C1qtnf6,Ighj1,
1126,Lpcat2,Snph,
1127,Gm807,Scaf11,
1128,Mib2,6330409D20Rik,
1129,Gm6551,Camp,
1130,Strbp,Oip5,
1131,Zdhhc23,Igkv5-39,
1132,Ifi30,Trbv12-2,
1133,4930534B04Rik,Igkv4-50,
1134,Tlr9,Igkv1-110,
1135,Chst12,Ddx3x,
1136,Sowahc,Smc6,
1137,Il17ra,Slc39a3,
1138,Kit,S1pr4,
1139,4921518J05Rik,Klhdc1,
1140,Ehmt1,Zscan21,
1141,Ocrl,Gm17229,
1142,Bcat1,Pi4k2b,
1143,Gm10606,Nt5e,
1144,Ms4a6c,Gm10354,
1145,Atp7a,Cdkl1,
1146,Cd97,Loxhd1,
1147,Cysltr2,Zfp704,
1148,Gm15051,Shc3,
1149,Trafd1,Epgn,
1150,Akr1b8,Gm13898,
1151,Arl6ip5,H2-M2,
1152,Pbk,Tdp1,
1153,Oaz3,Clock,
1154,Pqbp1,Cacna1i,
1155,Coro1b,Zmat1,
1156,Itgb2,Gm11983,
1157,Samhd1,Crkl,
1158,Oas1b,Ighj4,
1159,Irak3,Cebpe,
1160,Gm17270,Tril,
1161,Pigz,0610030E20Rik,
1162,D130007C19Rik,Gm15572,
1163,Cd200r1,Ighv2-5,
1164,Man1c1,Tpo,
1165,Hps3,Rpl36al,
1166,Ms4a8a,Gm4794,
1167,Catsper3,Igkv4-91,
1168,Gm608,2010001M09Rik,
1169,8430427H17Rik,Gnaz,
1170,Gm10912,B3galt2,
1171,1600029I14Rik,0610043K17Rik,
1172,Pcdh17,Ighv1-62-3,
1173,Gm9157,Slc38a9,
1174,Znrf2,Igsf9b,
1175,Mapre2,Sfn,
1176,Eif3b,Gm12798,
1177,Gm17362,Ldhc,
1178,Heatr8,Rhcg,
1179,Kdelr3,Olfr545,
1180,A330033J07Rik,Rnf181,
1181,Limk1,Cbwd1,
1182,Serpinb9,Ankrd45,
1183,Adar,Cyp2c39,
1184,Gpr33,Ighv14-2,
1185,Gm9581,Gm11914,
1186,Gm16630,Tonsl,
1187,Hck,Psmd4,
1188,Mfhas1,Ighv1-34,
1189,Cd209a,Elane,
1190,Rraga,Lpin1,
1191,Nhsl2,Pcsk1,
1192,Sestd1,Igkv14-111,
1193,Taf5,Ighv1-7,
1194,Mfsd7a,Mir192,
1195,Zfp91,Gm4631,
1196,AI429214,Gm15373,
1197,Mmp12,Ccdc109a,
1198,Zufsp,Ly6g6f,
1199,Irg1,Setd3,
1200,Parp11,Cd4,
1201,Slc16a9,Eif2s1,
1202,Tigd2,4930545L23Rik,
1203,Ifng,Gbx2,
1204,Clp1,Lrrn2,
1205,Adamts3,Gm10778,
1206,Elac1,Tmem181c-ps,
1207,4921513D11Rik,Gm16171,
1208,Sbds,4930520O04Rik,
1209,Armcx4,Cyp11b2,
1210,Cbx7,Col16a1,
1211,Crbn,Ephb6,
1212,Hdac9,Rab27b,
1213,Col4a2,Olfr558,
1214,Etv3,Gm2904,
1215,Pldi,Gm9837,
1216,Nat10,Il11ra1,
1217,2510009E07Rik,1810011O10Rik,
1218,Gle1,Nap1l5,
1219,Gm12336,Rnpc3,
1220,BC065397,Igkv4-70,
1221,Murc,A430093F15Rik,
1222,Vim,Trbv16,
1223,Ccdc142,Gm10433,
1224,Birc2,Sin3a,
1225,Spc24,Scg5,
1226,Rasl12,Tiam1,
1227,Elmo2,Lrit1,
1228,Eya4,Igkv5-45,
1229,Gpbp1l1,Igkv8-28,
1230,Oas3,Atp5s,
1231,Gm17388,Gm15561,
1232,Ddx4,Mab21l2,
1233,Fbn2,Slc43a1,
1234,Pla2g15,Klri1,
1235,Map2k7,Tradd,
1236,Impdh1,Ppp1r3c,
1237,Psap,Ighv1-50,
1238,Egr2,Gm17419,
1239,Epsti1,Gm6226,
1240,Irf8,AC115293.1,
1241,Gltp,Thyn1,
1242,Fkbp3,Ppp2r1b,
1243,Lphn1,Trbv5,
1244,Serpina3f,Gm4285,
1245,Eif3i,Mark3,
1246,RP23-358B23.3.1,Olfr1449,
1247,5330426P16Rik,Rpl21,
1248,Gm14378,Gm16236,
1249,Cd248,Lipn,
1250,Slc25a36,Bbs5,
1251,Pml,Olfr166,
1252,Gm9888,Gm13364,
1253,Spink5,Kndc1,
1254,Gm15917,Igkv19-93,
1255,Icam1,Gm9923,
1256,Olr1,A430072P03Rik,
1257,Gpr160,B230312A22Rik,
1258,Rasgef1b,Chit1,
1259,Slc9a8,Igkv3-5,
1260,Ido1,,
1261,5430437P03Rik,,
1262,Stxbp1,,
1263,4930473A06Rik,,
1264,Wars,,
1265,Topors,,
1266,4933426M11Rik,,
1267,4930538K18Rik,,
1268,Tbc1d23,,
1269,Gm15928,,
1270,Tcrg-C,,
1271,Enpp2,,
1272,C330006D17Rik,,
1273,Nfkbiz,,
1274,Ywhah,,
1275,Maged2,,
1276,Gm16728,,
1277,Tmco4,,
1278,Lmnb2,,
1279,Tlr2,,
1280,Krt23,,
1281,Accn2,,
1282,Zfyve19,,
1283,1700113A16Rik,,
1284,Ust,,
1285,D830050J10Rik,,
1286,Zeb2,,
1287,Gpx7,,
1288,Gja4,,
1289,Ciita,,
1290,Il2rg,,
1291,Fam105a,,
1292,Nox4,,
1293,Tmem67,,
1294,Pax9,,
1295,Stx2,,
1296,Fyb,,
1297,1700028I16Rik,,
1298,Zer1,,
1299,Commd8,,
1300,Katnal1,,
1301,Gm867,,
1302,Sh3tc1,,
1303,Adrbk2,,
1304,Sgcb,,
1305,Ptpro,,
1306,Arhgap9,,
1307,Gpr132,,
1308,Clnk,,
1309,Snx12,,
1310,3110056O03Rik,,
1311,Abi1,,
1312,Bola3,,
1313,Mmp9,,
1314,Nlrc5,,
1315,Asah1,,
1316,Srgn,,
1317,Lcp1,,
1318,Surf1,,
1319,Cym,,
1320,Lrrc8c,,
1321,Sirpb1a,,
1322,Pdk3,,
1323,2310043M15Rik,,
1324,Nptx1,,
1325,Pdcd4,,
1326,Htr7,,
1327,Gm9917,,
1328,Rfx8,,
1329,Gpr18,,
1330,Gbgt1,,
1331,1110038F14Rik,,
1332,Gpr141,,
1333,Gm10657,,
1334,Gapdh,,
1335,Atf2,,
1336,Hist1h3e,,
1337,AI480526,,
1338,Tiparp,,
1339,Snrpd3,,
1340,Gm10134,,
1341,Atad3a,,
1342,Hpcal1,,
1343,Klrc3,,
1344,Tshz1,,
1345,Pitrm1,,
1346,Sepn1,,
1347,Tmem14c,,
1348,Paip2b,,
1349,Gm5620,,
1350,Gpr84,,
1351,5031425F14Rik,,
1352,Pum1,,
1353,Gad1-ps,,
1354,Fbxl6,,
1355,Creg2,,
1356,Magohb,,
1357,Hoxa1,,
1358,Adamts9,,
1359,Plcg2,,
1360,Mrpl11,,
1361,Ly6c1,,
1362,Dpep2,,
1363,Vegfb,,
1364,Gpr15,,
1365,Gm17509,,
1366,Nras,,
1367,Twf2,,
1368,Shisa5,,
1369,Abcc5,,
1370,Eno1,,
1371,E330016A19Rik,,
1372,Slc35c1,,
1373,Iqch,,
1374,Gm10644,,
1375,App,,
1376,Gm20412,,
1377,Bin2,,
1378,Fabp4,,
1379,Csnk1g1,,
1380,Hmgn1,,
1381,Zc3h12a,,
1382,Eif2ak3,,
1383,Usp25,,
1384,Ccrl2,,
1385,A530099J19Rik,,
1386,Seh1l,,
1387,Rasgrf1,,
1388,Upf1,,
1389,2610008E11Rik,,
1390,Ppcdc,,
1391,Atp5e,,
1392,Mier2,,
1393,Tmem26,,
1394,Mir1948,,
1395,Gm12928,,
1396,2810422J05Rik,,
1397,Pdgfra,,
1398,Ttc13,,
1399,Oasl2,,
1400,Tmem171,,
1401,Lypla2,,
1402,Nhs,,
1403,Vcam1,,
1404,Pgd,,
1405,Gm15845,,
1406,Heyl,,
1407,Ddb1,,
1408,Ttll7,,
1409,Casp4,,
1410,Timm44,,
1411,Trdj1,,
1412,Snx21,,
1413,1700028E10Rik,,
1414,Sst,,
1415,B330016D10Rik,,
1416,Slc2a1,,
1417,2010107G23Rik,,
1418,Gm14794,,
1419,Mnd1,,
1420,Fbxw2,,
1421,Gpr151,,
1422,Lrrk2,,
1423,Gm11194,,
1424,Gm20519,,
1425,Cxcl1,,
1426,Scn5a,,
1427,Gm6091,,
1428,Gm17505,,
1429,Max,,
1430,Riok3,,
1431,Cbfb,,
1432,Cstb,,
1433,P2ry13,,
1434,1700040D17Rik,,
1435,Gm15860,,
1436,Thap7,,
1437,Naip6,,
1438,Mtap7d1,,
1439,1110046J04Rik,,
1440,Ccr2,,
1441,2900053A13Rik,,
1442,Atp8b4,,
1443,I830077J02Rik,,
1444,Gadd45g,,
1445,1600020E01Rik,,
1446,Far2,,
1447,Gm16603,,
1448,Imp3,,
1449,Agtrap,,
1450,Gm5475,,
1451,Itga1,,
1452,Fam185a,,
1453,Fam193b,,
1454,Samd3,,
1455,Napepld,,
1456,Fyttd1,,
1457,Scn2b,,
1458,Ly75,,
1459,1700020O03Rik,,
1460,Il11,,
1461,Gna15,,
1462,Trbv19,,
1463,Atp13a2,,
1464,Sult4a1,,
1465,C130050O18Rik,,
1466,Stfa2l1,,
1467,C1qtnf3,,
1468,Carhsp1,,
1469,Id1,,
1470,Fam26f,,
1471,Pqlc1,,
1472,9830001H06Rik,,
1473,Tgm2,,
1474,Tnfsf15,,
1475,Pdgfb,,
1476,Creb3l1,,
1477,RP23-133P6.2.1,,
1478,4731419I09Rik,,
1479,Ldoc1,,
1480,Gm5763,,
1481,Fgl2,,
1482,9130014G24Rik,,
1483,B4galt6,,
1484,Gm6368,,
1485,AC155256.1,,
1486,Spic,,
1487,St6gal1,,
1488,Lyz2,,
1489,Rabl5,,
1490,Raf1,,
1491,Spata6,,
1492,Il2rb,,
1493,Gm6382,,
1494,Apobec3,,
1495,9130204K15Rik,,
1496,Calm1,,
1497,3110002H16Rik,,
1498,Jazf1,,
1499,Cdc42se1,,
1500,Prtn3,,
1501,Gm12504,,
1502,Ptcd3,,
1503,B4galt1,,
1504,Prr5l,,
1505,Herc6,,
1506,Tmx3,,
1507,Plau,,
1508,Lgmn,,
1509,Trappc2,,
1510,Acot8,,
1511,Chrm2,,
1512,Rhov,,
1513,Arhgef6,,
1514,Ciao1,,
1515,Plcg1,,
1516,Adpgk,,
1517,Unc93b1,,
1518,Rcan3,,
1519,Ak7,,
1520,Ndufs5,,
1521,Fam123a,,
1522,Map3k6,,
1523,Fam126a,,
1524,Cabp4,,
1525,1700055N04Rik,,
1526,Gm13994,,
1527,Rassf1,,
1528,Bend4,,
1529,Gm9733,,
1530,Fam111a,,
1531,Gnai1,,
1532,Ly86,,
1533,Ctsg,,
1534,Pcmt1,,
1535,Dgkg,,
1536,Gyg,,
1537,Heatr5a,,
1538,Zfp366,,
1539,Fam53a,,
1540,Pdk1,,
1541,Gm17271,,
1542,Wdr5,,
1543,C330006K01Rik,,
1544,Ccnb1ip1,,
1545,Gpr114,,
1546,snoU90,,
1547,BC057079,,
1548,Gpr97,,
1549,Clasp2,,
1550,Usp44,,
1551,Rnf219,,
1552,Ly6i,,
1553,Sept5,,
1554,F8a,,
1555,Ttc34,,
1556,F730043M19Rik,,
1557,Rpp40,,
1558,Hps6,,
1559,4632428N05Rik,,
1560,Ccdc80,,
1561,Gm6728,,
1562,F3,,
1563,Tbc1d9,,
1564,5730494M16Rik,,
1565,Pkm2,,
1566,Sh2d4b,,
1567,4933416I08Rik,,
1568,Romo1,,
1569,Celf1,,
1570,Gm15946,,
1571,Slc39a13,,
1572,Cct2,,
1573,Dirc2,,
1574,Cds2,,
1575,Il3ra,,
1576,Gm16675,,
1577,Map3k8,,
1578,Rtn4rl2,,
1579,Tmem229b,,
1580,Rp2h,,
1581,Rnase6,,
1582,Parp8,,
1583,Gm5483,,
1584,Gtpbp5,,
1585,Prdm1,,
1586,Tasp1,,
1587,Cd59b,,
1588,Scamp2,,
1589,Polr3g,,
1590,Ripk2,,
1591,Nudt5,,
1592,1810013D10Rik,,
1593,Xrcc6,,
1594,Casp1,,
1595,Lrrc15,,
1596,Rab8b,,
1597,Tmem132a,,
1598,Atg2a,,
1599,C87436,,
1600,Layn,,
1601,Wfdc1,,
1602,Tnip2,,
1603,2610524H06Rik,,
1604,Gbp2,,
1605,Camk2d,,
1606,Gm4419,,
1607,Car1,,
1608,Bcl2a1a,,
1609,Was,,
1610,6430548M08Rik,,
1611,Duoxa1,,
1612,G6pdx,,
1613,Cd160,,
1614,S1pr2,,
1615,Sh3bp1,,
1616,Klre1,,
1617,Nbea,,
1618,Orm2,,
1619,Arg2,,
1620,Micall2,,
1621,Zdhhc4,,
1622,Elf4,,
1623,Serf1,,
1624,Rad52,,
1625,Tgfbi,,
1626,C230096C10Rik,,
1627,Nfu1,,
1628,Tpd52,,
1629,Sfpi1,,
1630,4831440E17Rik,,
1631,Cdk14,,
1632,4732471D19Rik,,
1633,Nop10,,
1634,Stxbp3b,,
1635,Ogfr,,
1636,Taz,,
1637,Cdkn2aip,,
1638,Notch1,,
1639,Tbc1d2,,
1640,Oas2,,
1641,1110049F12Rik,,
1642,Apol10b,,
1643,Stx11,,
1644,Zfp644,,
1645,Esrra,,
1646,Tomm20l,,
1647,C030046I01Rik,,
1648,Crtc1,,
1649,Xcr1,,
1650,Scn3b,,
1651,Cap1,,
1652,4833407H14Rik,,
1653,Zfp874b,,
1654,Gm13184,,
1655,Npc2,,
1656,Pknox2,,
1657,Apln,,
1658,Kcnj16,,
1659,Znf512b,,
1660,Gm12315,,
1661,Acot7,,
1662,Gm7097,,
1663,Cecr5,,
1664,Gm17681,,
1665,Ggt5,,
1666,Wbp5,,
1667,Ntn4,,
1668,Tspo,,
1669,Snx29,,
1670,P2ry14,,
1671,Crlf2,,
1672,Arhgap22,,
1673,Prf1,,
1674,Dclre1a,,
1675,Gm17597,,
1676,Gpr85,,
1677,Lgals3,,
1678,Ptpn2,,
1679,Adrb2,,
1680,Rab39,,
1681,Gm15229,,
1682,Cd74,,
1683,Ctnnal1,,
1684,5031414D18Rik,,
1685,Abcg3,,
1686,Angpt2,,
1687,Mxi1,,
1688,Zfp68,,
1689,Dram1,,
1690,Socs1,,
1691,Gm4117,,
1692,Gm17089,,
1693,Tlr1,,
1694,Akirin1,,
1695,Slc25a12,,
1696,Tle3,,
1697,Krt83,,
1698,Rap1b,,
1699,Apold1,,
1700,Usp18,,
1701,Acap2,,
1702,Wisp2,,
1703,Cln6,,
1704,Arf6,,
1705,Bmp7,,
1706,Sip1,,
1707,Ifit2,,
1708,Gp49a,,
1709,Fastkd3,,
1710,Ap1s2,,
1711,Rassf4,,
1712,Atp6v1b2,,
1713,Phb2,,
1714,Ly6d,,
1715,Pmf1,,
1716,Klrb1f,,
1717,Cbl,,
1718,Guf1,,
1719,Il10ra,,
1720,Mir5107,,
1721,Cdyl2,,
1722,Cbr1,,
1723,Gm10384,,
1724,Psmg3,,
1725,Gpn3,,
1726,RP24-399B3.3.1,,
1727,BC013712,,
1728,Gm15200,,
1729,Grk5,,
1730,Bbx,,
1731,Tmsb10,,
1732,Asap1,,
1733,Pcbd2,,
1734,Gm12445,,
1735,Sucnr1,,
1736,Gm13050,,
1737,Tuba8,,
1738,Zfp518a,,
1739,Poc1b,,
1740,Gm13594,,
1741,A630033H20Rik,,
1742,Ttf2,,
1743,Niacr1,,
1744,Duox1,,
1745,Gm6990,,
1746,Gm6904,,
1747,Atp6ap1,,
1748,Smu1,,
1749,Xlr,,
1750,Psmd5,,
1751,Galnt7,,
1752,Fam178a,,
1753,BC088983,,
1754,Nrtn,,
1755,Clec12a,,
1756,U2,,
1757,Etv5,,
1758,Aktip,,
1759,Ereg,,
1760,Morc1,,
1761,Gm15512,,
1762,Vegfc,,
1763,Clec4a3,,
1764,Gpr65,,
1765,Helb,,
1766,Sh3glb2,,
1767,Eif2s2,,
1768,Ndufb7,,
1769,Trpt1,,
1770,Egfl6,,
1771,Gm9913,,
1772,AB124611,,
1773,Parl,,
1774,A330049M08Rik,,
1775,Msn,,
1776,Slc28a2,,
1777,AA467197,,
1778,Polk,,
1779,Gm16059,,
1780,Ctps2,,
1781,Fundc1,,
1782,Pawr,,
1783,Ptpn1,,
1784,Iscu,,
1785,Ubxn7,,
1786,Rbm34,,
1787,Slitrk4,,
1788,Dse,,
1789,Impact,,
1790,Xpc,,
1791,Prox2,,
1792,Ep400,,
1793,BC037034,,
1794,I830012O16Rik,,
1795,A430005L14Rik,,
1796,Ndrg1,,
1797,9530052C20Rik,,
1798,Cdc14a,,
1799,Sema3f,,
1800,Pacrgl,,
1801,Zfp949,,
1802,Id4,,
1803,Olfml3,,
1804,Mrpl41,,
1805,Fosl2,,
1806,Frmd4a,,
1807,Kin,,
1808,BC100530,,
1809,Pam16,,
1810,S100a9,,
1811,F13a1,,
1812,Sft2d3,,
1813,P2rx7,,
1814,Th1l,,
1815,Tbc1d1,,
1816,Tdp2,,
1817,Bambi-ps1,,
1818,Gm15704,,
1819,Cys1,,
1820,Mybpc1,,
1821,Kcmf1,,
1822,Crybb3,,
1823,Ddhd2,,
1824,Paqr7,,
1825,Phf11,,
1826,Ms4a3,,
1827,Zfp280d,,
1828,Gm17004,,
1829,Dtx3l,,
1830,Gbp1,,
1831,Tmsb4x,,
1832,Arhgap15,,
1833,Pole2,,
1834,Gm8221,,
1835,Isg15,,
1836,B230217O12Rik,,
1837,Angptl2,,
1838,4833422F24Rik,,
1839,B230398E01Rik,,
1840,Gm12565,,
1841,Hrct1,,
1842,Gbp8,,
1843,Eif4a2,,
1844,Ncoa7,,
1845,Pdp1,,
1846,Kif3b,,
1847,Me2,,
1848,Gart,,
1849,Ncam2,,
1850,Ch25h,,
1851,Birc3,,
1852,Gm10863,,
1853,Gm2895,,
1854,Hist1h2ai,,
1855,Rac2,,
1856,Gm17311,,
1857,Bcl2a1d,,
1858,Pggt1b,,
1859,Gla,,
1860,Ifnar2,,
1861,N4bp1,,
1862,Cdk5,,
1863,Calu,,
1864,Cmtm7,,
1865,Npat,,
1866,Gab1,,
1867,9330175E14Rik,,
1868,Pebp1,,
1869,Tfap4,,
1870,Eif2c1,,
1871,Ap4s1,,
1872,Mrpl37,,
1873,Pak6,,
1874,Cc2d2a,,
1875,Mup-ps21,,
1876,Eng,,
1877,Dhodh,,
1878,Gm17108,,
1879,Lcn2,,
1880,1700019N12Rik,,
1881,Asprv1,,
1882,Crygs,,
1883,Apobec1,,
1884,Fam102b,,
1885,Mir365-2,,
1886,Fyn,,
1887,Aste1,,
1888,Vpreb1,,
1889,Tfdp2,,
1890,Adck5,,
1891,Serpinb12,,
1892,Gm8290,,
1893,Arpc3,,
1894,Plekho1,,
1895,Myof,,
1896,Tuba1a,,
1897,Loh12cr1,,
1898,Jak1,,
1899,Gm13476,,
1900,Paip2,,
1901,Cebpd,,
1902,Prkx,,
1903,Gm16106,,
1904,Zfp358,,
1905,Gm12774,,
1906,Gm5093,,
1907,A430035B10Rik,,
1908,Ptgs1,,
1909,Lass6,,
1910,Clec2d,,
1911,Rhoj,,
1912,Pcdhb3,,
1913,Aldh3b1,,
1914,Gja1,,
1915,Cxx1b,,
1916,Spink3,,
1917,Dym,,
1918,Ptcra,,
1919,Ikbip,,
1920,Dohh,,
1921,Las1l,,
1922,Gm16892,,
1923,9530077C05Rik,,
1924,Tmod3,,
1925,Lrrc49,,
1926,Il1b,,
1927,Gm17035,,
1928,S100a4,,
1929,Pnpla6,,
1930,Fkbp1a,,
1931,Tppp3,,
1932,Kcnj15,,
1933,Hsd3b4,,
1934,Siglec1,,
1935,RP23-264F8.3.1,,
1936,Mup-ps1,,
1937,Nid1,,
1938,Nr4a3,,
1939,Olfr1417,,
1940,Rab20,,
1941,Fads3,,
1942,Lhfpl2,,
1943,Ksr2,,
1944,Irak1,,
1945,Rbbp4,,
1946,Cand2,,
1947,Gm17485,,
1948,Haus4,,
1949,Gm15737,,
1950,Iqgap3,,
1951,Rasa4,,
1952,Eml5,,
1953,Basp1,,
1954,Pdzrn3,,
1955,Gm11870,,
1956,Awat2,,
1957,Cox8a,,
1958,Il1rn,,
1959,Swi5,,
1960,6330416G13Rik,,
1961,Tnpo3,,
1962,Csrnp1,,
1963,Ciapin1,,
1964,Iars,,
1965,Armc10,,
1966,Klhl22,,
1967,Gng2,,
1968,Akr1b3,,
1969,Asb4,,
1970,Tnfrsf14,,
1971,Gm4491,,
1972,Dlgap5,,
1973,1110001J03Rik,,
1974,E230013L22Rik,,
1975,Slc25a24,,
1976,Nrg2,,
1977,Parp14,,
1978,BC005764,,
1979,Gipc2,,
1980,Cdh3,,
1981,Gm11836,,
1982,Emb,,
1983,Bicd1,,
1984,Gm17245,,
1985,Clec5a,,
1986,Dio3os,,
1987,Rnf19b,,
1988,Lage3,,
1989,Mme,,
1990,Gm14070,,
1991,Mdfic,,
1992,Trim35,,
1993,Gm17710,,
1994,Serpinb2,,
1995,Tlr12,,
1996,Bri3bp,,
1997,4930417G10Rik,,
1998,Usp5,,
1999,Chst14,,
2000,2510002D24Rik,,
2001,1300018I17Rik,,
2002,Prosc,,
2003,Wdr33,,
2004,Gm4189,,
2005,Dctn3,,
2006,Fcrls,,
2007,Myo7b,,
2008,Ermp1,,
2009,Slc41a3,,
2010,Serpinb1b,,
2011,Dock11,,
2012,A930007I19Rik,,
2013,Nfkbia,,
2014,Peg10,,
2015,Cd52,,
2016,Myo5a,,
2017,Fam49b,,
2018,Arap3,,
2019,Bcas1,,
2020,Pfkfb4,,
2021,Gm13199,,
2022,Csf2rb,,
2023,Tspan3,,
2024,Plxna1,,
2025,Il1a,,
2026,Snx18,,
2027,Spink2,,
2028,Cacna1b,,
2029,Nab2,,
2030,Fkbp15,,
2031,Ndufs7,,
2032,Adh6-ps1,,
2033,Isca1,,
2034,Sort1,,
2035,9930012K11Rik,,
2036,Nsun2,,
2037,1700048O20Rik,,
2038,Bmp2k,,
2039,Akap5,,
2040,P4ha1,,
2041,Timm9,,
2042,Klhl6,,
2043,Nfyc,,
2044,Usp12,,
2045,Cacnb4,,
2046,Clic3,,
2047,Gm13372,,
2048,Acot1,,
2049,Gm5637,,
2050,Tnfrsf10b,,
2051,Pan2,,
2052,1700003F12Rik,,
2053,Dapp1,,
2054,Ttl,,
2055,Ube2d1,,
2056,Dnajc4,,
2057,Arl11,,
2058,Noa1,,
2059,Psmg1,,
2060,Nfkb1,,
2061,Sncg,,
2062,Dnajc10,,
2063,Nat8b,,
2064,Ncoa3,,
2065,Klf6,,
2066,Fam118a,,
2067,Pkib,,
2068,Ifit1,,
2069,Rap2b,,
2070,Stard9,,
2071,Tbxas1,,
2072,Cd180,,
2073,2010002M12Rik,,
2074,Heatr2,,
2075,Slc7a11,,
2076,Cox16,,
2077,Egr1,,
2078,Eif2ak1,,
2079,Fam57b,,
2080,RP24-386J17.2.1,,
2081,Ms4a4d,,
2082,Cerkl,,
2083,Ccr1,,
2084,4933425H06Rik,,
2085,Gzma,,
2086,Cdc42,,
2087,Shisa3,,
2088,Ndrg3,,
2089,Dip2b,,
2090,Parvb,,
2091,Il12rb2,,
2092,Bgn,,
2093,Lgals1,,
2094,2810008M24Rik,,
2095,Samd9l,,
2096,Fuca2,,
2097,Pla2g16,,
2098,Gm2245,,
2099,Gabarapl2,,
2100,Epb4.1l2,,
2101,B130046B21Rik,,
2102,Ptafr,,
2103,1700019E19Rik,,
2104,Tnfsf4,,
2105,Efr3b,,
2106,Tnip3,,
2107,Uck1,,
2108,2810029C07Rik,,
2109,Gm17510,,
2110,Fam46a,,
2111,A630055G03Rik,,
2112,Fgr,,
2113,Ccdc136,,
2114,Cybb,,
2115,Chrna9,,
2116,Gm11365,,
2117,Igdcc4,,
2118,Entpd1,,
2119,Prkcd,,
2120,Hip1,,
2121,Gm16213,,
2122,Gm15996,,
2123,Lass5,,
2124,Gm16704,,
2125,Gm12610,,
2126,Agbl3,,
2127,Omd,,
2128,AC156032.1,,
2129,Gm15895,,
2130,Ino80b,,
2131,Gm15629,,
2132,Asna1,,
2133,Pfkm,,
2134,Stk11,,
2135,Zmynd11,,
2136,Txnrd3,,
2137,Mpeg1,,
2138,Htatsf1,,
2139,Alox5ap,,
2140,Olfm4,,
2141,4930513N10Rik,,
2142,Mrpl49,,
2143,Izumo4,,
2144,Prm1,,
2145,Mmp3,,
2146,Rasgrp1,,
2147,Gm17222,,
2148,Vav3,,
2149,Marcksl1,,
2150,Gnpat,,
2151,Sprr1a,,
2152,Cds1,,
2153,B4galt4,,
2154,Tpm1,,
2155,Hexa,,
2156,Dffa,,
2157,Pgm1,,
2158,Rbms1,,
2159,Tctex1d2,,
2160,Fut7,,
2161,Stx7,,
2162,Ube2v1,,
2163,Coro1c,,
2164,Prkag1,,
2165,BC028528,,
2166,C920021L13Rik,,
2167,Ticam2,,
2168,Ifrd1,,
2169,Polr2b,,
2170,Ndufa5,,
2171,Nsun7,,
2172,Nfx1,,
2173,Rhob,,
2174,4933406I18Rik,,
2175,Gm15539,,
2176,Immt,,
2177,Urod,,
2178,C1qa,,
2179,Mup-ps9,,
2180,Naip1,,
2181,Ythdc1,,
2182,Txnrd2,,
2183,Cyp2c53-ps,,
2184,Mmp21,,
2185,Gm17359,,
2186,Slc26a7,,
2187,1700086O06Rik,,
2188,Fech,,
2189,Nrg1,,
2190,B230219D22Rik,,
2191,Sema4d,,
2192,Gm17450,,
2193,Gm11619,,
2194,Gm8822,,
2195,Gdap10,,
2196,Gm6377,,
2197,Slc25a38,,
2198,Foxs1,,
2199,Fam73a,,
2200,Gpr152,,
2201,Galnt3,,
2202,Ilvbl,,
2203,Pilrb2,,
2204,Cdhr4,,
2205,Creb5,,
2206,AW112010,,
2207,RP24-89J3.3.1,,
2208,Pacs2,,
2209,Arpc1b,,
2210,Fastkd5,,
2211,Tmem165,,
2212,Slc1a3,,
2213,Capg,,
2214,Syngr1,,
2215,Clec4a2,,
2216,Tnfaip2,,
2217,Gm11345,,
2218,P2rx4,,
2219,Traf3,,
2220,Ttyh3,,
2221,Nedd9,,
2222,Rgag4,,
2223,Tmem51,,
2224,Lfng,,
2225,Klra3,,
2226,Apba1,,
2227,Mapk1,,
2228,Nin,,
2229,Ccdc107,,
2230,Junb,,
2231,5730528L13Rik,,
2232,Arhgap39,,
2233,4930455G09Rik,,
2234,Mrps35,,
2235,Tifa,,
2236,Mir5105,,
2237,Ly6a,,
2238,Plk2,,
2239,Ckap4,,
2240,Smpdl3b,,
2241,AA414768,,
2242,Ptgds,,
2243,Skil,,
2244,Gm14471,,
2245,Pfdn1,,
2246,Kif9,,
2247,Ankrd61,,
2248,Gm13069,,
2249,Mmp8,,
2250,9030425E11Rik,,
2251,Mettl5,,
2252,Slc27a6,,
2253,Capza2,,
2254,Hars2,,
2255,Gbp4,,
2256,Marcks,,
2257,0610009O20Rik,,
2258,Litaf,,
2259,C230081A13Rik,,
2260,Pcdhga8,,
2261,Tlr3,,
2262,Cwf19l1,,
2263,Tmpo,,
2264,Fbxo40,,
2265,Dok2,,
2266,Gli3,,
2267,Amhr2,,
2268,Syna,,
2269,Gm11669,,
2270,Whsc1l1,,
2271,Snora47,,
2272,4921531C22Rik,,
2273,Gm10814,,
2274,Olfm1,,
2275,Krba1,,
2276,Ubap1,,
2277,Hdc,,
2278,Exoc6b,,
2279,Ms4a6b,,
2280,Rnf17,,
2281,Dpysl3,,
2282,Gm3604,,
2283,Endou,,
2284,Clk3,,
2285,Stom,,
2286,Fam194a,,
2287,Mup-ps22,,
2288,Diap3,,
2289,Jdp2,,
2290,Wac,,
2291,Ddx60,,
2292,Mkl1,,
2293,Gm14252,,
2294,Atp8a1,,
2295,Ola1,,
2296,Stx12,,
2297,Pdcd1lg2,,
2298,Rlim,,
2299,Gm17603,,
2300,Poglut1,,
2301,Mif,,
2302,Hesx1,,
2303,5730508B09Rik,,
2304,Asb11,,
2305,Spag4,,
2306,Ano7,,
2307,Crip1,,
2308,Dnmt3a,,
2309,Arid3a,,
2310,Gm13699,,
2311,Oas1h,,
